ID,OX,sequence,OS,subcell_location,goa,interactant_id_one,interactant_id_two
O95231,9606,MRLSSSPPRGPQQLSSFGSVDWLSQSSCSGPTHTPRPADFSLGSLPGPGQTSGAREPPQAVSIKEAAGSSNLPAPERTMAGLSKEPNTLRAPRVRTAFTMEQVRTLEGVFQHHQYLSPLERKRLAREMQLSEVQIKTWFQNRRMKHKRQMQDPQLHSPFSGSLHAPPAFYSTSSGLANGLQLLCPWAPLSGPQALMLPPGSFWGLCQVAQEALASAGASCCGQPLASHPPTPGRPSLGPALSTGPRGLCAMPQTGDAF,Homo,['Nucleus'],"['GO:0000785', 'GO:0005654', 'GO:0001228', 'GO:0000981', 'GO:0000978', 'GO:0043565', 'GO:1990837', 'GO:0045944', 'GO:0006357']","['O95231', 'O95231', 'O95231', 'O95231', 'O95231', 'O95231', 'O95231', 'O95231', 'O95231', 'O95231', 'O95231', 'O95231', 'O95231', 'O95231', 'O95231', 'O95231', 'O95231', 'O95231', 'O95231', 'O95231', 'O95231', 'O95231', 'O95231', 'O95231', 'O95231', 'O95231', 'O95231', 'O95231', 'O95231', 'O95231', 'O95231', 'O95231', 'O95231', 'O95231', 'O95231', 'O95231', 'O95231', 'O95231', 'O95231', 'O95231', 'O95231', 'O95231', 'O95231', 'O95231', 'O95231', 'O95231', 'O95231', 'O95231', 'O95231', 'O95231', 'O95231', 'O95231', 'O95231', 'O95231', 'O95231', 'O95231', 'O95231', 'O95231', 'O95231', 'O95231', 'O95231', 'O95231', 'O95231', 'O95231', 'O95231', 'O95231', 'O95231', 'O95231', 'O95231', 'O95231', 'O95231', 'O95231', 'O95231', 'O95231', 'O95231', 'O95231', 'O95231', 'O95231', 'O95231', 'O95231']","['Q8NFV4-4', 'Q6UY14-3', 'Q03989', 'P15289', 'Q8N1L9', 'O14503', 'Q5SWW7', 'Q5BKX5-3', 'Q6P1W5', 'Q6UXA7', 'P40199', 'Q5T4B2', 'P23141-3', 'P27918', 'Q03060-25', 'P07498', 'P78358', 'A8MQ03', 'O75553', 'Q15038', 'A1KXE4-2', 'Q9NVL1-2', 'Q9BZE0', 'A0A024R5S0', 'P31273', 'Q5TA45', 'Q6UXX5', 'A4D0Q3', 'O76011', 'P60410', 'Q8IUC1', 'P59991', 'P60329', 'Q8IUB9', 'Q3LHN2', 'Q3LI70', 'Q3SYF9', 'Q3LI59', 'Q6PEX3', 'Q9BYR8', 'Q9BYR6', 'Q3LI64', 'Q3LI66', 'Q8IUC2', 'Q99732', 'Q8N1E2', 'Q9Y5V3', 'Q9BRT3', 'A1E959', 'Q9BZM2-2', 'Q9UF11-2', 'P78424', 'P86480', 'Q9NWB1-5', 'Q93062', 'Q9BQY4', 'P78317', 'Q01974', 'Q96LW2', 'Q16348', 'Q53HV7-2', 'O95416', 'Q9C004', 'Q96PV0', 'Q96SF7', 'O60806', 'Q9Y458', 'Q96M29', 'Q7Z782', 'Q69YG0', 'Q15645', 'Q86WV8', 'Q5T6F2', 'Q7KZS0', 'Q9UHD9', 'Q70EL1-9', 'Q08AM6', 'Q6RSH7', 'Q9NZC7-5', 'A0A0C4DGF1']"
P33681,9606,MGHTRRQGTSPSKCPYLNFFQLLVLAGLSHFCSGVIHVTKEVKEVATLSCGHNVSVEELAQTRIYWQKEKKMVLTMMSGDMNIWPEYKNRTIFDITNNLSIVILALRPSDEGTYECVVLKYEKDAFKREHLAEVTLSVKADFPTPSISDFEIPTSNIRRIICSTSGGFPEPHLSWLENGEELNAINTTVSQDPETELYAVSSKLDFNMTTNHSFMCLIKYGHLRVNQTFNWNTTKQEHFPDNLLPSWAITLISVNGIFVICCLTYCFAPRCRERRRNERLRRESVRPV,Homo,['Membrane'],"['GO:0009986', 'GO:0009897', 'GO:0005886', 'GO:0098636', 'GO:0015026', 'GO:0048018', 'GO:0001618', 'GO:0007166', 'GO:0071222', 'GO:0006955', 'GO:0035556', 'GO:0002710', 'GO:0045893', 'GO:0032725', 'GO:0032743', 'GO:0050731', 'GO:0009967', 'GO:0042102', 'GO:0045627', 'GO:0042110', 'GO:0031295']","['P33681', 'P33681', 'P33681']","['Q9NZQ7', 'P16410', 'P08138']"
Q96S79,9606,MVSTYRVAVLGARGVGKSAIVRQFLYNEFSEVCVPTTARRLYLPAVVMNGHVHDLQILDFPPISAFPVNTLQEWADTCCRGLRSVHAYILVYDICCFDSFEYVKTIRQQILETRVIGTSETPIIIVGNKRDLQRGRVIPRWNVSHLVRKTWKCGYVECSAKYNWHILLLFSELLKSVGCARCKHVHAALRFQGALRRNRCAIM,Homo,['Cell membrane'],"['GO:0005886', 'GO:0003925', 'GO:0005525', 'GO:0090277', 'GO:0003050']",['Q96S79'],['P45984']
Q5MNZ6,9606,MNLLPCNPHGNGLLYAGFNQDHGCFACGMENGFRVYNTDPLKEKEKQEFLEGGVGHVEMLFRCNYLALVGGGKKPKYPPNKVMIWDDLKKKTVIEIEFSTEVKAVKLRRDRIVVVLDSMIKVFTFTHNPHQLHVFETCYNPKGLCVLCPNSNNSLLAFPGTHTGHVQLVDLASTEKPPVDIPAHEGVLSCIALNLQGTRIATASEKGTLIRIFDTSSGHLIQELRRGSQAANIYCINFNQDASLICVSSDHGTVHIFAAEDPKRNKQSSLASASFLPKYFSSKWSFSKFQVPSGSPCICAFGTEPNAVIAICADGSYYKFLFNPKGECIRDVYAQFLEMTDDKL,Homo,"['Preautophagosomal structure', 'Lysosome']","['GO:0005829', 'GO:0019898', 'GO:0005764', 'GO:0000407', 'GO:0034045', 'GO:0080025', 'GO:0032266', 'GO:0062078', 'GO:0000045', 'GO:0000422', 'GO:0044804', 'GO:0009267', 'GO:0006497', 'GO:0034497']",['Q5MNZ6'],['P0DTC2']
Q96C12,9606,MAAAKPTLTDSLSFCLAQLAAAAGEALGGEKDPATNETPLSRALLALRTRHIKAAGGIERFRARGGLRPLLALLRRAAAAGSAPSQAGPGSAPSSAASGASSPAPASGPAPSAVSSSSPTPPVRLRKTLDLALSILADCCTEGACRTEVRRLGGILPLVTILQCMKTDSIQNRTARALGNLAMEPESCGDIHCAGAVPLLVESLTACQDSQCLQSVVRALRNLADSPQHRLALAQQGAVRPLAELLATAPDAALTLALVRALLELSRGCSRACAEQLSLGGGLGPLVSLASHPKRAVREGTILILANLCAQGLIRPALGNAGGVEVLVDELRQRRDPNGASPTSQQPLVRAVCLLCREAINRARLRDAGGLDLLMGLLRDPRASAWHPRIVAALVGFLYDTGALGRLQALGLVPLLAGQLCGEAGEEEEEGREAASWDFPEERTPERAQGGSFRSLRSWLISEGYATGPDDISPDWSPEQCPPEPMEPASPAPTPTSLRAPRTQRTPGRSPAAAIEEPWGREGPALLLLSRFSQAPDPSGALVTGPALYGLLTYVTGAPGPPSPRALRILSRLTCNPACLEAFVRSYGAALLRAWLVLGVAPDDWPAPRARPTLHSRHRELGERLLQNLTVQAESPFGVGALTHLLLSGSPEDRVACALTLPFICRKPSLWRRLLLEQGGLRLLLAALTRPAPHPLFLFFAADSLSCLQDLVSPTVSPAVPQAVPMDLDSPSPCLYEPLLGPAPVPAPDLHFLLDSGLQLPAQRAASATASPFFRALLSGSFAEAQMDLVPLRGLSPGAAWPVLHHLHGCRGCGAALGPVPPPGQPLLGSEAEEALEAAGRFLLPGLEEELEEAVGRIHLGPQGGPESVGEVFRLGRPRLAAHCARWTLGSEQCPRKRGLALVGLVEAAGEEAGPLTEALLAVVMGIELGARVPA,Homo,['Cytoplasm'],"['GO:0005737', 'GO:0005829', 'GO:0005925', 'GO:0016020', 'GO:0005654', 'GO:0035801', 'GO:0009653', 'GO:0043367', 'GO:0051607', 'GO:0001701', 'GO:0001707', 'GO:0050810', 'GO:0042098']","['Q96C12', 'Q96C12', 'Q96C12', 'Q96C12', 'Q96C12', 'Q96C12', 'Q96C12', 'Q96C12', 'Q96C12']","['Q9NZN8', 'P27658', 'Q9H0I2', 'Q8IVS8', 'Q13064', 'P0CG20', 'Q99932-2', 'O43711', 'Q8N6Y0']"
P04632,9606,MFLVNSFLKGGGGGGGGGGGLGGGLGNVLGGLISGAGGGGGGGGGGGGGGGGGGGGTAMRILGGVISAISEAAAQYNPEPPPPRTHYSNIEANESEEVRQFRRLFAQLAGDDMEVSATELMNILNKVVTRHPDLKTDGFGIDTCRSMVAVMDSDTTGKLGFEEFKYLWNNIKRWQAIYKQFDTDRSGTICSSELPGAFEAAGFHLNEHLYNMIIRRYSDESGNMDFDNFISCLVRLDAMFRAFKSLDKDGTGQIQVNIQEWLQLTMYS,Homo,"['Cytoplasm', 'Cell membrane']","['GO:0110158', 'GO:0005829', 'GO:0070062', 'GO:0016020', 'GO:0005886', 'GO:0005509', 'GO:0004198', 'GO:0008284', 'GO:0006508', 'GO:0016241']","['P04632', 'P04632', 'P04632', 'P04632']","['Q6RW13', 'P17655', 'Q96NL8', 'P20936']"
P04021,10254,MWPFASVPAGAKCRLVETLPENMDFRSDHLTTFECFNEIITLAKKYIYIASFCCNPLSTTRGALIFDKLKEASEKGIKIIVLLDERGKRNLGELQSHCPDINFITVNIDKKNNVGLLLGCFWVSDDERCYVGNASFTGGSIHTIKTLGVYSDYPPLATDLRRRFDTFKAFNSAKNSWLNLCSAACCLPVSTAYHIKNPIGGVFFTDSPEHLLGYSRDLDTDVVIDKLKSAKTSIDIEHLAIVPTTRVDGNSYYWPDIYNSIIEAAINRGVKIRLLVGNWDKNDVYSMATARSLDALCVQNDLSVKVFTIQNNTKLLIVDDEYVHITSANFDGTHYQNHGFVSFNSIDKQLVSEAKKIFERDWVSSHSKSLKI,Vaccinia,"['Virion membrane', 'Host Golgi apparatus, host trans-Golgi network', 'Host endoplasmic reticulum membrane']","['GO:0044167', 'GO:0044177', 'GO:0016020', 'GO:0019031', 'GO:0036338', 'GO:0055036', 'GO:0016787', 'GO:0046760', 'GO:0039702']",['P04021'],['P68617']
O75908,9606,MEPGGARLRLQRTEGLGGERERQPCGDGNTETHRAPDLVQWTRHMEAVKAQLLEQAQGQLRELLDRAMREAIQSYPSQDKPLPPPPPGSLSRTQEPSLGKQKVFIIRKSLLDELMEVQHFRTIYHMFIAGLCVFIISTLAIDFIDEGRLLLEFDLLIFSFGQLPLALVTWVPMFLSTLLAPYQALRLWARGTWTQATGLGCALLAAHAVVLCALPVHVAVEHQLPPASRCVLVFEQVRFLMKSYSFLREAVPGTLRARRGEGIQAPSFSSYLYFLFCPTLIYRETYPRTPYVRWNYVAKNFAQALGCVLYACFILGRLCVPVFANMSREPFSTRALVLSILHATLPGIFMLLLIFFAFLHCWLNAFAEMLRFGDRMFYRDWWNSTSFSNYYRTWNVVVHDWLYSYVYQDGLRLLGARARGVAMLGVFLVSAVAHEYIFCFVLGFFYPVMLILFLVIGGMLNFMMHDQRTGPAWNVLMWTMLFLGQGIQVSLYCQEWYARRHCPLPQATFWGLVTPRSWSCHT,Homo,['Endoplasmic reticulum membrane'],"['GO:0005903', 'GO:0005783', 'GO:0005789', 'GO:0016746', 'GO:0015485', 'GO:0034736', 'GO:0000062', 'GO:0004772', 'GO:0033344', 'GO:0042632', 'GO:0008203', 'GO:0010878', 'GO:0030299', 'GO:0034383', 'GO:0010742', 'GO:0034379']",['O75908'],['P55061']
Q8R3L8,10090,MDYDFKVKLSSERERVEDLFEYEGCKVGRGTYGHVYKAKRKDGKDDKDYALKQIEGTGISMSACREIALLRELKHPNVISLLKVFLSHADRKVWLLFDYAEHDLWHIIKFHRASKANKKPVQLPRGMVKSLLYQILDGIHYLHANWVLHRDLKPANILVMGEGPERGRVKIADMGFARLFNSPLKPLADLDPVVVTFWYRAPELLLGARHYTKAIDIWAIGCIFAELLTSEPIFHCRQEDIKTSNPYHHDQLDRIFNVMGFPADKDWEDIKKMPEHSTLMKDFRRNTYTNCSLIKYMEKHKVKPDSKAFHLLQKLLTMDPIKRITSEQAMQDPYFLEDPLPTSDVFAGCQIPYPKREFLTEEEPDEKGDKKTQQQQQGNNHTNGTGHPGNQDSGHAQGPPLKKVRVVPPTTTSGGLIMTSDYQRSNPHAAYPNPGPSTSQPQSSMGYSATSQQPPQYSHQTHRY,Mus,['Nucleus'],"['GO:0016592', 'GO:0005730', 'GO:0005654', 'GO:0005634', 'GO:0032991', 'GO:0000151', 'GO:0005524', 'GO:0004693', 'GO:0004672', 'GO:0106310', 'GO:0008353', 'GO:0061630', 'GO:0090209', 'GO:0006468', 'GO:0016567']",['Q8R3L8'],['A2AGH6']
F4JUL9,3702,MANSLRLYLACIKNTLEAAMCLQNFPCQEVERHNKPEVELKTSPELLLNPVLICRNEAEKCLIETSINSLRISLKVKQADELENILTKKFLRFLSMRAEAFQVLRRKPVQGYDISFLITNYHCEEMQKQKLIDFIIQFMEDIEKEIRDLKESVNTRGRLVATEFLKQFM,Arabidopsis,"['Cytoplasm, cytoskeleton', 'Cell projection']","['GO:0005885', 'GO:0042995', 'GO:0005737', 'GO:0051015', 'GO:0030041', 'GO:0034314']",['F4JUL9'],['Q8LGI3']
Q9BTE1,9606,MELGELLYNKSEYIETASGNKVSRQSVLCGSQNIVLNGKTIVMNDCIIRGDLANVRVGRHCVVKSRSVIRPPFKKFSKGVAFFPLHIGDHVFIEEDCVVNAAQIGSYVHVGKNCVIGRRCVLKDCCKILDNTVLPPETVVPPFTVFSGCPGLFSGELPECTQELMIDVTKSYYQKFLPLTQV,Homo,"['Cytoplasm, cytoskeleton', 'Chromosome, centromere, kinetochore']","['GO:0005813', 'GO:0005829', 'GO:0005869', 'GO:0000776', 'GO:0031965', 'GO:0005654', 'GO:0035904', 'GO:0060976', 'GO:0003281']","['Q9BTE1', 'Q9BTE1', 'Q9BTE1']","['P63167', 'Q969F0', 'Q93062']"
P63096,9606,MGCTLSAEDKAAVERSKMIDRNLREDGEKAAREVKLLLLGAGESGKSTIVKQMKIIHEAGYSEEECKQYKAVVYSNTIQSIIAIIRAMGRLKIDFGDSARADDARQLFVLAGAAEEGFMTAELAGVIKRLWKDSGVQACFNRSREYQLNDSAAYYLNDLDRIAQPNYIPTQQDVLRTRVKTTGIVETHFTFKDLHFKMFDVGGQRSERKKWIHCFEGVTAIIFCVALSDYDLVLAEDEEMNRMHESMKLFDSICNNKWFTDTSIILFLNKKDLFEEKIKKSPLTICYPEYAGSNTYEEAAAYIQCQFEDLNKRKDTKEIYTHFTCATDTKNVQFVFDAVTDVIIKNNLKDCGLF,Homo,"['Nucleus', 'Cytoplasm', 'Cell membrane', 'Cytoplasm, cytoskeleton, microtubule organizing center, centrosome', 'Cytoplasm, cell cortex', 'Membrane']","['GO:0005938', 'GO:0099738', 'GO:0005813', 'GO:0005737', 'GO:0070062', 'GO:0005834', 'GO:0005765', 'GO:0030496', 'GO:0005730', 'GO:0005654', 'GO:0005886', 'GO:0001664', 'GO:0031821', 'GO:0031683', 'GO:0019003', 'GO:0005525', 'GO:0003924', 'GO:0000287', 'GO:0007193', 'GO:0007188', 'GO:0007049', 'GO:0051301', 'GO:1904322', 'GO:0007186', 'GO:1904778', 'GO:0043949', 'GO:0060236', 'GO:0043434']","['P63096', 'P63096', 'P63096', 'P63096', 'P63096']","['P81274', 'Q9Y4H4', 'Q14980', 'Q8IVA1', 'Q9UGC6']"
P04911,559292,MSGGKGGKAGSAAKASQSRSAKAGLTFPVGRVHRLLRRGNYAQRIGSGAPVYLTAVLEYLAAEILELAGNAARDNKKTRIIPRHLQLAIRNDDELNKLLGNVTIAQGGVLPNIHQNLLPKKSAKATKASQEL,Saccharomyces,"['Nucleus', 'Chromosome']","['GO:0000786', 'GO:0005634', 'GO:0031298', 'GO:0003677', 'GO:0046982', 'GO:0030527', 'GO:0006325', 'GO:0006281', 'GO:0000122']",['P04911'],['P25293']
P16615,9606,MENAHTKTVEEVLGHFGVNESTGLSLEQVKKLKERWGSNELPAEEGKTLLELVIEQFEDLLVRILLLAACISFVLAWFEEGEETITAFVEPFVILLILVANAIVGVWQERNAENAIEALKEYEPEMGKVYRQDRKSVQRIKAKDIVPGDIVEIAVGDKVPADIRLTSIKSTTLRVDQSILTGESVSVIKHTDPVPDPRAVNQDKKNMLFSGTNIAAGKAMGVVVATGVNTEIGKIRDEMVATEQERTPLQQKLDEFGEQLSKVISLICIAVWIINIGHFNDPVHGGSWIRGAIYYFKIAVALAVAAIPEGLPAVITTCLALGTRRMAKKNAIVRSLPSVETLGCTSVICSDKTGTLTTNQMSVCRMFILDRVEGDTCSLNEFTITGSTYAPIGEVHKDDKPVNCHQYDGLVELATICALCNDSALDYNEAKGVYEKVGEATETALTCLVEKMNVFDTELKGLSKIERANACNSVIKQLMKKEFTLEFSRDRKSMSVYCTPNKPSRTSMSKMFVKGAPEGVIDRCTHIRVGSTKVPMTSGVKQKIMSVIREWGSGSDTLRCLALATHDNPLRREEMHLEDSANFIKYETNLTFVGCVGMLDPPRIEVASSVKLCRQAGIRVIMITGDNKGTAVAICRRIGIFGQDEDVTSKAFTGREFDELNPSAQRDACLNARCFARVEPSHKSKIVEFLQSFDEITAMTGDGVNDAPALKKAEIGIAMGSGTAVAKTASEMVLADDNFSTIVAAVEEGRAIYNNMKQFIRYLISSNVGEVVCIFLTAALGFPEALIPVQLLWVNLVTDGLPATALGFNPPDLDIMNKPPRNPKEPLISGWLFFRYLAIGCYVGAATVGAAAWWFIAADGGPRVSFYQLSHFLQCKEDNPDFEGVDCAIFESPYPMTMALSVLVTIEMCNALNSLSENQSLLRMPPWENIWLVGSICLSMSLHFLILYVEPLPLIFQITPLNVTQWLMVLKISLPVILMDETLKFVARNYLEPGKECVQPATKSCSFSACTDGISWPFVLLIMPLVIWVYSTDTNFSDMFWS,Homo,"['Endoplasmic reticulum membrane', 'Sarcoplasmic reticulum membrane']","['GO:0090534', 'GO:0005783', 'GO:0005789', 'GO:0014801', 'GO:0016020', 'GO:0005886', 'GO:0031095', 'GO:0097470', 'GO:0016529', 'GO:0033017', 'GO:0005524', 'GO:0016887', 'GO:0005509', 'GO:0019899', 'GO:0005388', 'GO:0086039', 'GO:0044548', 'GO:0044325', 'GO:0000045', 'GO:0016240', 'GO:1990036', 'GO:0070588', 'GO:1903515', 'GO:0014898', 'GO:0007155', 'GO:0034599', 'GO:0032469', 'GO:0008544', 'GO:0006984', 'GO:0006874', 'GO:1990456', 'GO:0034220', 'GO:0045822', 'GO:1900121', 'GO:0070050', 'GO:0140056', 'GO:0010666', 'GO:0032470', 'GO:0010460', 'GO:1903233', 'GO:1903779', 'GO:0098909', 'GO:0086036', 'GO:0010882', 'GO:0002026', 'GO:0055119', 'GO:0034976', 'GO:0070296', 'GO:0033292', 'GO:0014883']","['P16615', 'P16615', 'P16615', 'P16615-1', 'P16615-1']","['P55085', 'P41143', 'O76024', 'P13569', 'E2JF22']"
P78329,9606,MSQLSLSWLGLWPVAASPWLLLLLVGASWLLAHVLAWTYAFYDNCRRLRCFPQPPRRNWFWGHQGMVNPTEEGMRVLTQLVATYPQGFKVWMGPISPLLSLCHPDIIRSVINASAAIAPKDKFFYSFLEPWLGDGLLLSAGDKWSRHRRMLTPAFHFNILKPYMKIFNESVNIMHAKWQLLASEGSACLDMFEHISLMTLDSLQKCVFSFDSHCQEKPSEYIAAILELSALVSKRHHEILLHIDFLYYLTPDGQRFRRACRLVHDFTDAVIQERRRTLPSQGVDDFLQAKAKSKTLDFIDVLLLSKDEDGKKLSDEDIRAEADTFMFEGHDTTASGLSWVLYHLAKHPEYQERCRQEVQELLKDREPKEIEWDDLAHLPFLTMCMKESLRLHPPVPVISRHVTQDIVLPDGRVIPKGIICLISVFGTHHNPAVWPDPEVYDPFRFDPENIKERSPLAFIPFSAGPRNCIGQTFAMAEMKVVLALTLLRFRVLPDHTEPRRKPELVLRAEGGLWLRVEPLS,Homo,"['Microsome membrane', 'Endoplasmic reticulum membrane']","['GO:0016324', 'GO:0005737', 'GO:0005789', 'GO:0043231', 'GO:0097259', 'GO:0097258', 'GO:0018685', 'GO:0052871', 'GO:0008392', 'GO:0052869', 'GO:0070330', 'GO:0020037', 'GO:0005506', 'GO:0050051', 'GO:0102033', 'GO:0004497', 'GO:0016709', 'GO:0052872', 'GO:0019369', 'GO:0007596', 'GO:0019373', 'GO:0010430', 'GO:0006690', 'GO:0036101', 'GO:0006691', 'GO:0001676', 'GO:0042361', 'GO:0032304', 'GO:0097267', 'GO:0042376', 'GO:0032305', 'GO:0003095', 'GO:0008217', 'GO:0003091', 'GO:0055078', 'GO:0000038', 'GO:0042360', 'GO:0042377', 'GO:0006805']","['P78329', 'P78329', 'P78329', 'P78329', 'P78329', 'P78329', 'P78329', 'P78329', 'P78329', 'P78329', 'P78329', 'P78329', 'P78329', 'P78329', 'P78329', 'P78329', 'P78329', 'P78329', 'P78329', 'P78329', 'P78329', 'P78329', 'P78329', 'P78329', 'P78329', 'P78329', 'P78329', 'P78329', 'P78329', 'P78329', 'P78329', 'P78329', 'P78329', 'P78329', 'P78329', 'P78329', 'P78329', 'P78329']","['Q13520', 'Q7Z7G2', 'O43889-2', 'Q96BA8', 'Q96KC8', 'Q15125', 'Q9GZR5', 'Q9Y282', 'Q96KR6', 'P48165', 'Q7Z5P4', 'Q8N5M9', 'O95214', 'Q15546', 'Q9H2K0', 'P15941-11', 'P16333', 'O15173', 'Q53GL0', 'Q9BRK0', 'Q9H6H4', 'Q86VR2', 'Q03395', 'Q9NY72', 'Q9NX18', 'Q3KNW5', 'Q8NDX2-2', 'Q9BZV2', 'Q96QE2', 'Q9NPE6', 'Q8WY91', 'Q96MV1', 'Q96DZ7', 'Q9NW97', 'Q9Y320', 'Q12999', 'Q7KZS0', 'Q96MV8']"
Q8K4I3,10090,MNPEERLVTWLISLGVLESPKKTVCDPEEFLKSSLKNGVVLCKLINRLLPGSVEKYCLEPQTEADCIDNINDFLKGCATLQVEVFEPDDLYSGANFSKVLNTLLAVNKATEDQLSERPCGRSSSLSAATSSQTNPQVAVPSTAPEQHSEEKAEMTENGSHQLIVKARFNFKQTNEDELSVCKGDIIYVTRVEEGGWWEGTLNGRTGWFPSNYVREIKPSERPLSPKAIKGFDTAPLTKNYYTVVLQNILDTEKEYAKELQSLLVTYLRPLQSNNNLSTVEFTCLLGNFEEVCTFQQTLCQALEECSKFPENQHKVGGCLLNLMPHFKSMYLAYCANHPSAVNVLTQHSDDLERFMENQGASSPGILILTTSLSKPFMRLEKYVTLLQELERHMEDTHPDHQDILKAIIAFKTLMGQCQDLRKRKQLELQILSEPIQAWEGDDIKTLGNVIFMSQVVMQHGACEEKEERYFLLFSSVLIMLSASPRMSGFMYQGKIPIAGMVVNRLDEIEGSDCMFEITGSTVERIVVHCNNNQDFQEWMEQLNRLTKGPTSCGSLSKTSSSSCSTHSSFSSTGQPRGPLEPPQIIKPWSLSCLRPAPPLRPSAALGYKERMSYILKESSKSPKTMKKFLHKRKTERKASEEEYVIRKSTAALEEDAQILKVIEAYCTSASFQQGTRKDSVPQVLLPEEEKLIIEETRSNGQTIIEEKSLVDTVYALKDEVKELKQENKKMKQCLEEELKSRKDLEKLVRKLLKQTDECIRSESSSKTSILQ,Mus,"['Cell projection, lamellipodium']","['GO:0005911', 'GO:0005737', 'GO:0030027', 'GO:0005085', 'GO:0035556', 'GO:0030032']",['Q8K4I3'],['Q9HBI1']
Q9GZQ8,9606,MPSEKTFKQRRTFEQRVEDVRLIREQHPTKIPVIIERYKGEKQLPVLDKTKFLVPDHVNMSELIKIIRRRLQLNANQAFFLLVNGHSMVSVSTPISEVYESEKDEDGFLYMVYASQETFGMKLSV,Homo,"['Cytoplasmic vesicle, autophagosome membrane', 'Endomembrane system', 'Mitochondrion membrane', 'Cytoplasm, cytoskeleton', 'Cytoplasmic vesicle']","['GO:0005776', 'GO:0000421', 'GO:0005930', 'GO:0031410', 'GO:0005829', 'GO:0012505', 'GO:0043231', 'GO:0005874', 'GO:0031966', 'GO:0005739', 'GO:0031090', 'GO:0097001', 'GO:0008017', 'GO:0031625', 'GO:0000045', 'GO:0097352', 'GO:0006914', 'GO:0000422', 'GO:0006995', 'GO:0009267', 'GO:0016236', 'GO:0000423']","['Q9GZQ8', 'Q9GZQ8', 'Q9GZQ8', 'Q9GZQ8', 'Q9GZQ8', 'Q9GZQ8', 'Q9GZQ8', 'Q9GZQ8', 'Q9GZQ8', 'Q9GZQ8', 'Q9GZQ8', 'Q9GZQ8', 'Q9GZQ8', 'Q9GZQ8', 'Q9GZQ8', 'Q9GZQ8', 'Q9GZQ8', 'Q9GZQ8', 'Q9GZQ8', 'Q9GZQ8', 'Q9GZQ8', 'Q9GZQ8', 'Q9GZQ8', 'Q9GZQ8', 'Q9GZQ8', 'Q9GZQ8', 'Q9GZQ8', 'Q9GZQ8', 'Q9GZQ8', 'Q9GZQ8', 'Q9GZQ8', 'Q9GZQ8', 'Q9GZQ8', 'Q9GZQ8', 'Q9GZQ8', 'Q9GZQ8', 'Q9GZQ8', 'Q9GZQ8', 'Q9GZQ8', 'Q9GZQ8', 'Q9GZQ8', 'Q9GZQ8', 'Q9GZQ8', 'Q9GZQ8', 'Q9GZQ8', 'Q9GZQ8', 'Q9GZQ8', 'Q9GZQ8', 'Q9GZQ8', 'Q9GZQ8', 'Q9GZQ8', 'Q9GZQ8', 'Q9GZQ8', 'Q9GZQ8', 'Q9GZQ8', 'Q9GZQ8', 'Q9GZQ8', 'Q9GZQ8']","['P05067', 'O75143', 'Q676U5', 'Q2TAZ0', 'Q9NT62', 'Q9Y4P1', 'Q9H1Y0', 'O95352', 'Q03135', 'P28329-3', 'Q14677', 'P35222', 'O14576-2', 'P22607', 'Q8IVP5', 'Q9BQS8', 'Q9H8Y8', 'P28799', 'P40939', 'P0DMV8', 'O00410', 'Q8WZA9', 'Q86V97', 'Q8WVZ9', 'Q01546', 'Q9BQD3', 'P20700', 'Q9Y383', 'Q14696', 'Q14596', 'P46934', 'Q8TD19', 'O75323', 'O75665', 'Q9BXM7', 'O60260-5', 'Q9NS23', 'Q8WWW0', 'Q8NC44', 'Q15424', 'Q14151', 'Q96EB6', 'Q13501', 'O95210', 'Q13188', 'Q13043', 'Q8TC07', 'Q9UPU7', 'Q15025', 'Q8WZ42', 'Q9GZZ9', 'O75385', 'Q8IZQ1', 'P40344', 'P38862', 'Q9Z2F7', 'P97432', 'Q64337']"
Q5T8D3,9606,MFQFHAGSWESWCCCCLIPADRPWDRGQHWQLEMADTRSVHETRFEAAVKVIQSLPKNGSFQPTNEMMLKFYSFYKQATEGPCKLSRPGFWDPIGRYKWDAWSSLGDMTKEEAMIAYVEEMKKIIETMPMTEKVEELLRVIGPFYEIVEDKKSGRSSDITSVRLEKISKCLEDLGNVLTSTPNAKTVNGKAESSDSGAESEEEEAQEEVKGAEQSDNDKKMMKKSADHKNLEVIVTNGYDKDGFVQDIQNDIHASSSLNGRSTEEVKPIDENLGQTGKSAVCIHQDINDDHVEDVTGIQHLTSDSDSEVYCDSMEQFGQEESLDSFTSNNGPFQYYLGGHSSQPMENSGFREDIQVPPGNGNIGNMQVVAVEGKGEVKHGGEDGRNNSGAPHREKRGGETDEFSNVRRGRGHRMQHLSEGTKGRQVGSGGDGERWGSDRGSRGSLNEQIALVLMRLQEDMQNVLQRLQKLETLTALQAKSSTSTLQTAPQPTSQRPSWWPFEMSPGVLTFAIIWPFIAQWLVYLYYQRRRRKLN,Homo,['Peroxisome membrane'],"['GO:0005737', 'GO:0005829', 'GO:0016020', 'GO:0005654', 'GO:0005778', 'GO:0005777', 'GO:0000062', 'GO:0030242', 'GO:0006631']","['Q5T8D3-2', 'Q5T8D3-2', 'Q5T8D3-2', 'Q5T8D3-2']","['Q14416', 'Q9NVC3', 'P61266', 'Q8NBD8']"
P32489,559292,MHNQEEWLDKDKTLVNEEENTCINHSYTKKDTNNYRVGKSGIKDLKKPTNQKEIAIKNRELTKQLTLLRQENNHLQQACKILSENKIIENRKSIEKWRTICEMELSFILNSTLIKINRMGGYKDFLEKEMEAKKRRLEYQIDNGMEDQICEIKESDDFRQLSEVEKQEWESQMNEQLKELEKKKIAELEKLNKVLHDSEGKDFGMAELCTRLKLDYSLIFPQ,Saccharomyces,['Nucleus'],"['GO:0000794', 'GO:0000228', 'GO:0005634', 'GO:0000707', 'GO:0007131', 'GO:0030435']","['P32489', 'P32489']","['P25453', 'P89114']"
P47863,10116,MSDGAAARRWGKCGPPCSRESIMVAFKGVWTQAFWKAVTAEFLAMLIFVLLSVGSTINWGGSENPLPVDMVLISLCFGLSIATMVQCFGHISGGHINPAVTVAMVCTRKISIAKSVFYITAQCLGAIIGAGILYLVTPPSVVGGLGVTTVHGNLTAGHGLLVELIITFQLVFTIFASCDSKRTDVTGSVALAIGFSVAIGHLFAINYTGASMNPARSFGPAVIMGNWENHWIYWVGPIIGAVLAGALYEYVFCPDVELKRRLKEAFSKAAQQTKGSYMEVEDNRSQVETEDLILKPGVVHVIDIDRGDEKKGKDSSGEVLSSV,Rattus,"['Cell membrane', 'Basolateral cell membrane', 'Endosome membrane', 'Cell membrane, sarcolemma', 'Cell projection']","['GO:0097450', 'GO:0009925', 'GO:0016323', 'GO:0031253', 'GO:0005911', 'GO:0005737', 'GO:0010008', 'GO:0009897', 'GO:0005576', 'GO:0005886', 'GO:0032991', 'GO:0042383', 'GO:0030315', 'GO:0042802', 'GO:0015250', 'GO:0015670', 'GO:0098609', 'GO:0071392', 'GO:0071333', 'GO:0071347', 'GO:0071354', 'GO:0071346', 'GO:0090660', 'GO:0033326', 'GO:0051649', 'GO:0007565', 'GO:0009992', 'GO:0050891', 'GO:0060354', 'GO:0032691', 'GO:0032715', 'GO:0051289', 'GO:0010574', 'GO:0070295', 'GO:0051384', 'GO:0007605', 'GO:0006833']","['P47863', 'P47863', 'P47863-1', 'P47863-1']","['Q9ERZ8', 'Q9HBA0', 'Q9ERZ8', 'Q9HBA0']"
Q9NS68,9606,MALKVLLEQEKTFFTLLVLLGYLSCKVTCESGDCRQQEFRDRSGNCVPCNQCGPGMELSKECGFGYGEDAQCVTCRLHRFKEDWGFQKCKPCLDCAVVNRFQKANCSATSDAICGDCLPGFYRKTKLVGFQDMECVPCGDPPPPYEPHCASKVNLVKIASTASSPRDTALAAVICSALATVLLALLILCVIYCKRQFMEKKPSWSLRSQDIQYNGSELSCFDRPQLHEYAHRACCQCRRDSVQTCGPVRLLPSMCCEEACSPNPATLGCGVHSAASLQARNAGPAGEMVPTFFGSLTQSICGEFSDAWPLMQNPMGGDNISFCDSYPELTGEDIHSLNPELESSTSLDSNSSQDLVGGAVPVQSHSENFTAATDLSRYNNTLVESASTQDALTMRSQLDQESGAVIHPATQTSLQVRQRLGSL,Homo,['Membrane'],"['GO:0016020', 'GO:0005886', 'GO:0038023', 'GO:0005031', 'GO:0006915', 'GO:0001942', 'GO:0007254', 'GO:0043123', 'GO:0046330']","['Q9NS68', 'Q9NS68', 'Q9NS68', 'Q9NS68-2', 'Q9NS68-2', 'Q9NS68-2', 'Q9NS68-2']","['P52565', 'P30086', 'P35232', 'Q96F15', 'Q8N3F0', 'O43765', 'Q96EQ0']"
Q9Y2K2,9606,MAAAAASGAGGAAGAGTGGAGPAGRLLPPPAPGSPAAPAAVSPAAGQPRPPAPASRGPMPARIGYYEIDRTIGKGNFAVVKRATHLVTKAKVAIKIIDKTQLDEENLKKIFREVQIMKMLCHPHIIRLYQVMETERMIYLVTEYASGGEIFDHLVAHGRMAEKEARRKFKQIVTAVYFCHCRNIVHRDLKAENLLLDANLNIKIADFGFSNLFTPGQLLKTWCGSPPYAAPELFEGKEYDGPKVDIWSLGVVLYVLVCGALPFDGSTLQNLRARVLSGKFRIPFFMSTECEHLIRHMLVLDPNKRLSMEQICKHKWMKLGDADPNFDRLIAECQQLKEERQVDPLNEDVLLAMEDMGLDKEQTLQSLRSDAYDHYSAIYSLLCDRHKRHKTLRLGALPSMPRALAFQAPVNIQAEQAGTAMNISVPQVQLINPENQIVEPDGTLNLDSDEGEEPSPEALVRYLSMRRHTVGVADPRTEVMEDLQKLLPGFPGVNPQAPFLQVAPNVNFMHNLLPMQNLQPTGQLEYKEQSLLQPPTLQLLNGMGPLGRRASDGGANIQLHAQQLLKRPRGPSPLVTMTPAVPAVTPVDEESSDGEPDQEAVQSSTYKDSNTLHLPTERFSPVRRFSDGAASIQAFKAHLEKMGNNSSIKQLQQECEQLQKMYGGQIDERTLEKTQQQHMLYQQEQHHQILQQQIQDSICPPQPSPPLQAACENQPALLTHQLQRLRIQPSSPPPNHPNNHLFRQPSNSPPPMSSAMIQPHGAASSSQFQGLPSRSAIFQQQPENCSSPPNVALTCLGMQQPAQSQQVTIQVQEPVDMLSNMPGTAAGSSGRGISISPSAGQMQMQHRTNLMATLSYGHRPLSKQLSADSAEAHSLNVNRFSPANYDQAHLHPHLFSDQSRGSPSSYSPSTGVGFSPTQALKVPPLDQFPTFPPSAHQQPPHYTTSALQQALLSPTPPDYTRHQQVPHILQGLLSPRHSLTGHSDIRLPPTEFAQLIKRQQQQRQQQQQQQQQQEYQELFRHMNQGDAGSLAPSLGGQSMTERQALSYQNADSYHHHTSPQHLLQIRAQECVSQASSPTPPHGYAHQPALMHSESMEEDCSCEGAKDGFQDSKSSSTLTKGCHDSPLLLSTGGPGDPESLLGTVSHAQELGIHPYGHQPTAAFSKNKVPSREPVIGNCMDRSSPGQAVELPDHNGLGYPARPSVHEHHRPRALQRHHTIQNSDDAYVQLDNLPGMSLVAGKALSSARMSDAVLSQSSLMGSQQFQDGENEECGASLGGHEHPDLSDGSQHLNSSCYPSTCITDILLSYKHPEVSFSMEQAGV,Homo,['Cytoplasm'],"['GO:0005737', 'GO:0005524', 'GO:0000287', 'GO:0106310', 'GO:0004674', 'GO:0050321', 'GO:0035556', 'GO:0000226', 'GO:1904263', 'GO:1904515', 'GO:0006468']","['Q9Y2K2', 'Q9Y2K2-7', 'Q9Y2K2-7', 'Q9Y2K2-7']","['P63104', 'P42858', 'Q13077', 'Q15654']"
Q6AZY7,9606,MKVRSAGGDGDALCVTEEDLAGDDEDMPTFPCTQKGRPGPRCSRCQKNLSLHTSVRILYLFLALLLVAVAVLASLVFRKVDSLSEDISLTQSIYDKKLVLMQKNLQGLDPKALNNCSFCHEAGQLGPEIRKLQEELEGIQKLLLAQEVQLDQTLQAQEVLSTTSRQISQEMGSCSFSIHQVNQSLGLFLAQVRGWQATTAGLDLSLKDLTQECYDVKAAVHQINFTVGQTSEWIHGIQRKTDEETLTLQKIVTDWQNYTRLFSGLRTTSTKTGEAVKNIQATLGASSQRISQNSESMHDLVLQVMGLQLQLDNISSFLDDHEENMHDLQYHTHYAQNRTVERFESLEGRMASHEIEIGTIFTNINATDNHVHSMLKYLDDVRLSCTLGFHTHAEELYYLNKSVSIMLGTTDLLRERFSLLSARLDLNVRNLSMIVEEMKAVDTQHGEILRNVTILRGAPGPPGPRGFKGDMGVKGPVGGRGPKGDPGSLGPLGPQGPQGQPGEAGPVGERGPVGPRGFPGLKGSKGSFGTGGPRGQPGPKGDIGPPGPEGPPGSPGPSGPQGKPGIAGKTGSPGQRGAMGPKGEPGIQGPPGLPGPPGPPGSQSFY,Homo,"['Endoplasmic reticulum membrane', 'Golgi apparatus membrane']","['GO:0005581', 'GO:0005783', 'GO:0005789', 'GO:0000139', 'GO:0005044', 'GO:0006979', 'GO:0009650']","['Q6AZY7', 'Q6AZY7-2', 'Q6AZY7-2']","['O43760', 'P05067', 'P19404']"
P57075,9606,MAAGETQLYAKVSNKLKSRSSPSLLEPLLAMGFPVHTALKALAATGRKTAEEALAWLHDHCNDPSLDDPIPQEYALFLCPTGPLLEKLQEFWRESKRQCAKNRAHEVFPHVTLCDFFTCEDQKVECLYEALKRAGDRLLGSFPTAVPLALHSSISYLGFFVSGSPADVIREFAMTFATEASLLAGTSVSRFWIFSQVPGHGPNLRLSNLTRASFVSHYILQKYCSVKPCTKQLHLTLAHKFYPHHQRTLEQLARAIPLGHSCQWTAALYSRDMRFVHYQTLRALFQYKPQNVDELTLSPGDYIFVDPTQQDEASEGWVIGISQRTGCRGFLPENYTDRASESDTWVKHRMYTFSLATDLNSRKDGEASSRCSGEFLPQTARSLSSLQALQATVARKSVLVVRHGERVDQIFGKAWLQQCSTPDGKYYRPDLNFPCSLPRRSRGIKDFENDPPLSSCGIFQSRIAGDALLDSGIRISSVFASPALRCVQTAKLILEELKLEKKIKIRVEPGIFEWTKWEAGKTTPTLMSLEELKEANFNIDTDYRPAFPLSALMPAESYQEYMDRCTASMVQIVNTCPQDTGVILIVSHGSTLDSCTRPLLGLPPRECGDFAQLVRKIPSLGMCFCEENKEEGKWELVNPPVKTLTHGANAAFNWRNWISGN,Homo,"['Cytoplasm', 'Nucleus']","['GO:0005737', 'GO:0005829', 'GO:0070062', 'GO:0005794', 'GO:0005654', 'GO:0050860', 'GO:0001817']","['P57075', 'P57075', 'P57075', 'P57075', 'P57075', 'P57075', 'P57075', 'P57075', 'P57075', 'P57075-2', 'P57075-2', 'P57075-2', 'P57075-2', 'P57075-2', 'P57075-2', 'P57075-2', 'P57075-2', 'P57075-2', 'P57075-2', 'P57075-2', 'P57075-2', 'P57075-2', 'P57075-2', 'P57075-2', 'P57075-2', 'P57075-2', 'P57075-2', 'P57075-2', 'P57075-2', 'P57075-2', 'P57075-2', 'P57075-2', 'P57075-2', 'P57075-2', 'P57075-2', 'P57075-2', 'P57075-2', 'P57075-2', 'P57075-2', 'P57075-2', 'P57075-2', 'P57075-2', 'P57075-2', 'P57075-2', 'P57075-2', 'P57075-2', 'P57075-2', 'P57075-2', 'P57075-2', 'P57075-2', 'P57075-2', 'P57075-2', 'P57075-2', 'P57075-2', 'P57075-2', 'P57075-2', 'P57075-2', 'P57075-2', 'P57075-2', 'P57075-2', 'P57075-2', 'P57075-2', 'P57075-2', 'P57075-2', 'P57075-2', 'P57075-2', 'P57075-2', 'P57075-2', 'P57075-2', 'P57075-2', 'P57075-2', 'P57075-2', 'P57075-2', 'P57075-2', 'P57075-2', 'P57075-2', 'P57075-2', 'P57075-2']","['P35520', 'Q15038', 'Q6FHJ6', 'Q6A162', 'Q04864', 'Q15427', 'O43597', 'Q13625-3', 'O94972', 'Q8N5I2', 'Q96B67', 'O75815', 'Q13191', 'Q8WXC6-1', 'Q15038', 'Q14203-5', 'Q96D03', 'Q9NRI5-2', 'Q9Y2H0-1', 'P50570', 'Q8N9I9', 'Q8N9I5', 'Q86UY5', 'Q9NVK5-3', 'P14136', 'A6NEM1', 'Q9ULR0-1', 'Q719H9', 'Q6ZU52', 'Q5T749', 'P02533', 'Q15323', 'Q14532', 'Q92764', 'Q6A163', 'P80188', 'Q8TBB1', 'Q9Y250', 'Q9BRK4', 'Q9UHC7', 'O15049', 'Q6X4W1-2', 'Q96CS7', 'Q969W9-2', 'Q96PV4', 'Q9NQX0', 'O60260-5', 'Q9Y3C5', 'Q9NWF9', 'Q6ZSJ9', 'Q9H6Q3', 'Q8NCR6', 'Q6IEG0', 'Q07889', 'O43609', 'O75558', 'Q86VP1', 'Q969V4', 'Q8WW24', 'O43615', 'Q7Z6W1', 'Q8WW34-2', 'Q05BL1', 'Q9H3D4', 'P14373', 'Q9C035-3', 'Q86XT4', 'Q9BZR9', 'Q9H9H4', 'P42768', 'O00401', 'Q9Y2W2', 'B2RXF5', 'Q53FD0-2', 'Q9P2Y4', 'Q6S9Z5', 'Q9UGI0', 'Q7Z783']"
